Word	Country	Product
food	Afghanistan	Rice
supply	Afghanistan	Rice
b	Afghanistan	Rice
global	Afghanistan	Rice
us	Afghanistan	Rice
wheat	Afghanistan	Wheat
rice	Afghanistan	Rice
chains	Afghanistan	Rice
crisis	Afghanistan	Rice
ranks	Afghanistan	Rice
million	Afghanistan	Rice
drought	Afghanistan	Rice
world	Afghanistan	Rice
india	India	Rice
grain	Afghanistan	Rice
floods	Afghanistan	Rice
major	Afghanistan	Rice
chain	Afghanistan	Rice
tons	Afghanistan	Rice
china	China	Rice
people	Afghanistan	Rice
sugarcane	Afghanistan	Sugar cane
must	Afghanistan	Rice
exports	Afghanistan	Rice
ukraine	Ukraine	Rice
climate	Afghanistan	Rice
africa	South Africa	Rice
indonesia	Indonesia	Rice
corridors	Afghanistan	Rice
community	Afghanistan	Rice
cyclone	Afghanistan	Rice
resilience	Afghanistan	Rice
communities	Afghanistan	Rice
risk	Afghanistan	Rice
may	Afghanistan	Rice
production	Afghanistan	Rice
security	Afghanistan	Rice
severe	Afghanistan	Rice
prices	Afghanistan	Rice
quake	Afghanistan	Rice
disrupted	Afghanistan	Rice
local	Afghanistan	Rice
adapt	Afghanistan	Rice
floating	Afghanistan	Rice
port	Afghanistan	Rice
weeks	Afghanistan	Rice
millions	Afghanistan	Rice
flood	Afghanistan	Rice
impacts	Afghanistan	Rice
ahead	Afghanistan	Rice
history	Afghanistan	Rice
price	Afghanistan	Rice
critical	Afghanistan	Rice
silos	Afghanistan	Rice
farms	Afghanistan	Rice
hit	Afghanistan	Rice
matter	Afghanistan	Rice
even	Afghanistan	Rice
months	Afghanistan	Rice
shortages	Afghanistan	Rice
face	Afghanistan	Rice
regions	Afghanistan	Rice
insecurity	Afghanistan	Rice
billion	Afghanistan	Rice
years	Afghanistan	Rice
east	Afghanistan	Rice
total	Afghanistan	All Categories Total
australia	Australia	Rice
bangladesh	Bangladesh	Rice
brazil	Brazil	Rice
pakistan	Pakistan	Rice
thailand	Thailand	Rice
russia	Russia	Rice
devastated	Afghanistan	Rice
wildfires	Afghanistan	Rice
key	Afghanistan	Rice
hubs	Afghanistan	Rice
kitchens	Afghanistan	Rice
rising	Afghanistan	Rice
sea	Afghanistan	Rice
levels	Afghanistan	Rice
warns	Afghanistan	Rice
innovation	Afghanistan	Rice
emergency	Afghanistan	Rice
show	Afghanistan	Rice
tsunami	Afghanistan	Rice
ai	Afghanistan	Rice
h	Afghanistan	Rice
el	El Salvador	Rice
ni	Afghanistan	Rice
sustainable	Afghanistan	Rice
future	Afghanistan	Rice
simulation	Afghanistan	Rice
arctic	Afghanistan	Rice
shipments	Afghanistan	Rice
pandemic	Afghanistan	Rice
taught	Afghanistan	Rice
next	Afghanistan	Rice
mobile	Afghanistan	Rice
humanitarian	Afghanistan	Rice
remote	Afghanistan	Rice
rise	Afghanistan	Rice
maize	Afghanistan	Rice
oil	Afghanistan	Palm oil
real	Afghanistan	Rice
asia	Afghanistan	Rice
ports	Afghanistan	Rice
vulnerable	Afghanistan	Rice
crop	Afghanistan	Rice
agriculture	Afghanistan	Rice
delayed	Afghanistan	Rice
home	Afghanistan	Rice
export	Afghanistan	Rice
economic	Afghanistan	Rice
year	Afghanistan	Rice
system	Afghanistan	Rice
un	Afghanistan	Rice
recent	Afghanistan	Rice
report	Afghanistan	Rice
trade	Afghanistan	Rice
break	Afghanistan	Rice
worldwide	Afghanistan	Rice
long	Afghanistan	Rice
source	Afghanistan	Rice
new	New Zealand	Rice
projected	Afghanistan	Rice
almost	Afghanistan	Rice
workers	Afghanistan	Rice
supplies	Afghanistan	Rice
countries	Afghanistan	Rice
weather	Afghanistan	Rice
canada	Canada	Rice
america	Afghanistan	Rice
imports	Afghanistan	Rice
per	Afghanistan	Rice
ethiopia	Ethiopia	Rice
rainy	Afghanistan	Rice
also	Afghanistan	Rice
top	Afghanistan	Rice
soybean	Afghanistan	Rice
vietnam	Vietnam	Rice
historic	Afghanistan	Rice
reminder	Afghanistan	Rice
spiked	Afghanistan	Rice
globally	Afghanistan	Rice
build	Afghanistan	Rice
resilient	Afghanistan	Rice
todays	Afghanistan	Rice
california	Afghanistan	Rice
threaten	Afghanistan	Rice
almond	Afghanistan	Rice
safeguard	Afghanistan	Rice
haiti	Haiti	Rice
proved	Afghanistan	Rice
lifesaving	Afghanistan	Rice
learn	Afghanistan	Rice
submerge	Afghanistan	Rice
invest	Afghanistan	Rice
terminals	Afghanistan	Rice
closed	Afghanistan	Rice
costing	Afghanistan	Rice
losses	Afghanistan	Rice
automated	Afghanistan	Rice
drones	Afghanistan	Rice
delivering	Afghanistan	Rice
rations	Afghanistan	Rice
tech	Afghanistan	Rice
lesson	Afghanistan	Rice
decentralize	Afghanistan	Rice
stocks	Afghanistan	Rice
near	Afghanistan	Rice
coastal	Afghanistan	Rice
heatwaves	Afghanistan	Rice
slashed	Afghanistan	Rice
cereal	Afghanistan	Rice
yields	Afghanistan	Rice
fast	Afghanistan	Rice
mapping	Afghanistan	Rice
models	Afghanistan	Rice
forecast	Afghanistan	Rice
wiped	Afghanistan	Rice
spikes	Afghanistan	Rice
followed	Afghanistan	Rice
cannot	Afghanistan	Rice
forget	Afghanistan	Rice
packing	Afghanistan	Rice
biodegradable	Afghanistan	Rice
casings	Afghanistan	Rice
survive	Afghanistan	Rice
landslides	Afghanistan	Rice
geopolitics	Afghanistan	Rice
polar	Afghanistan	Rice
melt	Afghanistan	Rice
shuts	Afghanistan	Rice
road	Afghanistan	Rice
rerouting	Afghanistan	Rice
calls	Afghanistan	Rice
localized	Afghanistan	Rice
ash	Afghanistan	Rice
cloud	Afghanistan	Rice
grounded	Afghanistan	Rice
air	Afghanistan	Rice
trucks	Afghanistan	Rice
fill	Afghanistan	Rice
gaps	Afghanistan	Rice
vertical	Afghanistan	Rice
urban	Afghanistan	Rice
canyons	Afghanistan	Rice
thoughts	Afghanistan	Rice
relief	Afghanistan	Rice
reach	Afghanistan	Rice
villages	Afghanistan	Rice
sealevel	Afghanistan	Rice
threatens	Afghanistan	Rice
dutch	Afghanistan	Rice
answer	Afghanistan	Rice
record	Afghanistan	Rice
blizzard	Afghanistan	Rice
closes	Afghanistan	Rice
veggies	Afghanistan	Rice
spoilage	Afghanistan	Rice
backup	Afghanistan	Rice
rail	Afghanistan	Rice
lines	Afghanistan	Rice
dust	Afghanistan	Rice
shows	Afghanistan	Rice
soil	Afghanistan	Rice
outlook	Afghanistan	Rice
crops	Afghanistan	Crops
zones	Afghanistan	Rice
storms	Afghanistan	Rice
shipping	Afghanistan	Rice
modern	Afghanistan	Rice
tornado	Afghanistan	Rice
farming	Afghanistan	Rice
meets	Afghanistan	Rice
extreme	Afghanistan	Rice
supplychain	Afghanistan	Rice
olive	Afghanistan	Rice
time	Afghanistan	Rice
flooded	Afghanistan	Rice
fields	Afghanistan	Rice
banks	Afghanistan	Rice
se	Afghanistan	Rice
grains	Afghanistan	Rice
caused	Afghanistan	Rice
american	Afghanistan	Rice
produce	Afghanistan	Rice
war	Afghanistan	Rice
nations	Afghanistan	Rice
families	Afghanistan	Rice
used	Afghanistan	Rice
greenhouse	Afghanistan	Rice
japan	Japan	Rice
design	Afghanistan	Rice
perishables	Afghanistan	Rice
heat	Afghanistan	Rice
help	Afghanistan	Rice
shocks	Afghanistan	Rice
surge	Afghanistan	Rice
mexico	Mexico	Rice
spain	Spain	Rice
wide	Afghanistan	Rice
products	Afghanistan	Rice
danger	Afghanistan	Rice
one	Afghanistan	Rice
unprecedented	Afghanistan	Rice
like	Afghanistan	Rice
financial	Afghanistan	Rice
impact	Afghanistan	Rice
big	Afghanistan	Rice
tariffs	Afghanistan	Rice
means	Afghanistan	Rice
buy	Afghanistan	Rice
potential	Afghanistan	Rice
middle	Afghanistan	Rice
meat	Afghanistan	Rice
feed	Afghanistan	Rice
available	Afghanistan	Rice
change	Afghanistan	Rice
within	Afghanistan	Rice
contributors	Afghanistan	Rice
george	Afghanistan	Rice
hungry	Afghanistan	Rice
precipitation	Afghanistan	Rice
vs	Afghanistan	Rice
evaporation	Afghanistan	Rice
paint	Afghanistan	Rice
stark	Afghanistan	Rice
image	Afghanistan	Rice
terror	Afghanistan	Rice
entering	Afghanistan	Rice
impacting	Afghanistan	Rice
majority	Afghanistan	Rice
becoming	Afghanistan	Rice
arid	Afghanistan	Rice
collapse	Afghanistan	Rice
commodity	Afghanistan	Rice
weakened	Afghanistan	Rice
uk	Afghanistan	Rice
side	Afghanistan	Rice
stable	Afghanistan	Rice
replying	Afghanistan	Rice
already	Afghanistan	Rice
says	Afghanistan	Rice
threat	Afghanistan	Rice
declines	Afghanistan	Rice
europe	Afghanistan	Rice
southern	Afghanistan	Rice
sep	Afghanistan	Rice
coast	Afghanistan	Rice
gulf	Afghanistan	Rice
strike	Afghanistan	Rice
volume	Afghanistan	Rice
pay	Afghanistan	Rice
attention	Afghanistan	Rice
today	Afghanistan	Rice
eastern	Afghanistan	Rice
somalia	Somalia	Rice
kenya	Kenya	Rice
worst	Afghanistan	Rice
droughts	Afghanistan	Rice
switzerland	Switzerland	Rice
failed	Afghanistan	Rice
seasons	Afghanistan	Rice
loss	Afghanistan	Rice
horn	Afghanistan	Rice
heavily	Afghanistan	Rice
rains	Afghanistan	Rice
could	Afghanistan	Rice
triggered	Afghanistan	Rice
release	Afghanistan	Rice
via	Afghanistan	Rice
nigeria	Nigeria	Rice
cotton	Afghanistan	Rice
dont	Afghanistan	Rice
economies	Afghanistan	Rice
egypt	Afghanistan	Rice
malaysia	Malaysia	Rice
reached	Afghanistan	Rice
less	Afghanistan	Rice
exporters	Afghanistan	Rice
worlds	Afghanistan	Rice
south	South Africa	Rice
exported	Afghanistan	Rice
goods	Afghanistan	Rice
argentina	Argentina	Rice
united	United Arab Emirates	Rice
states	United States	Rice
hashtags	Afghanistan	Rice
mentions	Afghanistan	Rice
urls	Afghanistan	Rice
keywords	Afghanistan	Rice
bowl	Afghanistan	Rice
go	Afghanistan	Rice
hand	Afghanistan	Rice
land	Afghanistan	Rice
secure	Afghanistan	Rice
deployed	Afghanistan	Rice
